<?xml version="1.0" encoding="UTF-8"?>
<!DOCTYPE language SYSTEM "language.dtd">
<language name="Cylc suite.rc" section="Configuration" extensions="suite*.rc" mimetype="" version="1.0" kateversion="2.0" author="" license="GPL">

<!-- For use with Kate. To use it, place or symlink this file in ~/.kde/share/apps/katepart/syntax/,
 or if possible, /usr/share/kde4/apps/katepart/syntax/ -->

  <highlighting>

    <contexts>
      <context name="File" attribute="Normal Text" lineEndContext="#stay">
        <!-- To regenerate this keyword list, create a minimal suite.rc file and run something like:
        cylc get-config my-minimal-suite | sed "/^[^=]*$/d; s/=.*//g; s/^ *//g; s/ *$//g" | sort -r | uniq | sed "s/\(.*\)/<RegExpr attribute='Keyword' String=' \1 '\/>/g"
        The sort is in reverse order to allow longer keywords to take precedence over sub-sets. -->

        <RegExpr attribute='Keyword' String=' work sub-directory '/>
        <RegExpr attribute='Keyword' String=' warning handler '/>
        <RegExpr attribute='Keyword' String=' critical handler '/>
        <RegExpr attribute='Keyword' String=' verbose mode '/>
        <RegExpr attribute='Keyword' String=' user '/>
        <RegExpr attribute='Keyword' String=' use node color for labels '/>
        <RegExpr attribute='Keyword' String=' use node color for edges '/>
        <RegExpr attribute='Keyword' String=' title '/>
        <RegExpr attribute='Keyword' String=' timeout handler '/>
        <RegExpr attribute='Keyword' String=' timeout '/>
        <RegExpr attribute='Keyword' String=' template '/>
        <RegExpr attribute='Keyword' String=' suite shutdown event handler '/>
        <RegExpr attribute='Keyword' String=' suite definition directory '/>
        <RegExpr attribute='Keyword' String=' succeeded handler '/>
        <RegExpr attribute='Keyword' String=' submitted handler '/>
        <RegExpr attribute='Keyword' String=' submission timeout handler '/>
        <RegExpr attribute='Keyword' String=' submission timeout '/>
        <RegExpr attribute='Keyword' String=' submission retry handler '/>
        <RegExpr attribute='Keyword' String=' submission retry delays '/>
        <RegExpr attribute='Keyword' String=' submission polling intervals '/>
        <RegExpr attribute='Keyword' String=' submission failed handler '/>
        <RegExpr attribute='Keyword' String=' startup handler '/>
        <RegExpr attribute='Keyword' String=' started handler '/>
        <RegExpr attribute='Keyword' String=' stalled handler '/>
        <RegExpr attribute='Keyword' String=' simulation mode suite timeout '/>
        <RegExpr attribute='Keyword' String=' disable suite event handlers '/>
        <RegExpr attribute='Keyword' String=' default run length '/>
        <RegExpr attribute='Keyword' String=' speedup factor '/>
        <RegExpr attribute='Keyword' String=' time limit buffer '/>
        <RegExpr attribute='Keyword' String=' fail cycle points '/>
        <RegExpr attribute='Keyword' String=' fail try 1 only '/>
        <RegExpr attribute='Keyword' String=' disable task event handlers '/>
        <RegExpr attribute='Keyword' String=' shutdown handler '/>
        <RegExpr attribute='Keyword' String=' shell '/>
        <RegExpr attribute='Keyword' String=' sequential '/>
        <RegExpr attribute='Keyword' String=' script '/>
        <RegExpr attribute='Keyword' String=' runahead limit '/>
        <RegExpr attribute='Keyword' String=' run-dir '/>
        <RegExpr attribute='Keyword' String=' root '/>
        <RegExpr attribute='Keyword' String=' retry handler '/>
        <RegExpr attribute='Keyword' String=' retrieve job logs retry delays '/>
        <RegExpr attribute='Keyword' String=' retrieve job logs max size '/>
        <RegExpr attribute='Keyword' String=' retrieve job logs '/>
        <RegExpr attribute='Keyword' String=' reset timer '/>
        <RegExpr attribute='Keyword' String=' reset inactivity timer '/>
        <RegExpr attribute='Keyword' String=' required run mode '/>
        <RegExpr attribute='Keyword' String=' public '/>
        <RegExpr attribute='Keyword' String=' pre-script '/>
        <RegExpr attribute='Keyword' String=' post-script '/>
        <RegExpr attribute='Keyword' String=' owner '/>
        <RegExpr attribute='Keyword' String=' number of cycle points '/>
        <RegExpr attribute='Keyword' String=' members '/>
        <RegExpr attribute='Keyword' String=' max-polls '/>
        <RegExpr attribute='Keyword' String=' max active cycle points '/>
        <RegExpr attribute='Keyword' String=' mail to '/>
        <RegExpr attribute='Keyword' String=' mail smtp '/>
        <RegExpr attribute='Keyword' String=' mail retry delays '/>
        <RegExpr attribute='Keyword' String=' mail from '/>
        <RegExpr attribute='Keyword' String=' mail events '/>
        <RegExpr attribute='Keyword' String=' log resolved dependencies '/>
        <RegExpr attribute='Keyword' String=' live mode suite timeout '/>
        <RegExpr attribute='Keyword' String=' limit '/>
        <RegExpr attribute='Keyword' String=' interval '/>
        <RegExpr attribute='Keyword' String=' initial cycle point constraints '/>
        <RegExpr attribute='Keyword' String=' initial cycle point '/>
        <RegExpr attribute='Keyword' String=' init-script '/>
        <RegExpr attribute='Keyword' String=' inherit '/>
        <RegExpr attribute='Keyword' String=' include at start-up '/>
        <RegExpr attribute='Keyword' String=' include '/>
        <RegExpr attribute='Keyword' String=' inactivity handler '/>
        <RegExpr attribute='Keyword' String=' inactivity '/>
        <RegExpr attribute='Keyword' String=' host '/>
        <RegExpr attribute='Keyword' String=' hold after point '/>
        <RegExpr attribute='Keyword' String=' handlers '/>
        <RegExpr attribute='Keyword' String=' handler retry delays '/>
        <RegExpr attribute='Keyword' String=' handler events '/>
        <RegExpr attribute='Keyword' String=' graph '/>
        <RegExpr attribute='Keyword' String=' force run mode '/>
        <RegExpr attribute='Keyword' String=' final cycle point constraints '/>
        <RegExpr attribute='Keyword' String=' final cycle point '/>
        <RegExpr attribute='Keyword' String=' failed handler '/>
        <RegExpr attribute='Keyword' String=' extra log files '/>
        <RegExpr attribute='Keyword' String=' external-trigger '/>
        <RegExpr attribute='Keyword' String=' expired handler '/>
        <RegExpr attribute='Keyword' String=' expected task failures '/>
        <RegExpr attribute='Keyword' String=' execution timeout handler '/>
        <RegExpr attribute='Keyword' String=' execution timeout '/>
        <RegExpr attribute='Keyword' String=' execution time limit '/>
        <RegExpr attribute='Keyword' String=' execution retry delays '/>
        <RegExpr attribute='Keyword' String=' execution polling intervals '/>
        <RegExpr attribute='Keyword' String=' exclude at start-up '/>
        <RegExpr attribute='Keyword' String=' exclude '/>
        <RegExpr attribute='Keyword' String=' env-script '/>
        <RegExpr attribute='Keyword' String=' dummy mode suite timeout '/>
        <RegExpr attribute='Keyword' String=' disable automatic shutdown '/>
        <RegExpr attribute='Keyword' String=' description '/>
        <RegExpr attribute='Keyword' String=' default node attributes '/>
        <RegExpr attribute='Keyword' String=' default edge attributes '/>
        <RegExpr attribute='Keyword' String=' cycling mode '/>
        <RegExpr attribute='Keyword' String=' cycle point time zone '/>
        <RegExpr attribute='Keyword' String=' cycle point num expanded year digits '/>
        <RegExpr attribute='Keyword' String=' cycle point format '/>
        <RegExpr attribute='Keyword' String=' collapsed families '/>
        <RegExpr attribute='Keyword' String=' clock-trigger '/>
        <RegExpr attribute='Keyword' String=' clock-expire '/>
        <RegExpr attribute='Keyword' String=' batch system '/>
        <RegExpr attribute='Keyword' String=' batch submit command template '/>
        <RegExpr attribute='Keyword' String=' allow task failures '/>
        <RegExpr attribute='Keyword' String=' abort on timeout '/>
        <RegExpr attribute='Keyword' String=' abort on stalled '/>
        <RegExpr attribute='Keyword' String=' abort on inactivity '/>
        <RegExpr attribute='Keyword' String=' abort if timeout handler fails '/>
        <RegExpr attribute='Keyword' String=' abort if startup handler fails '/>
        <RegExpr attribute='Keyword' String=' abort if stalled handler fails '/>
        <RegExpr attribute='Keyword' String=' abort if shutdown handler fails '/>
        <RegExpr attribute='Keyword' String=' abort if inactivity handler fails '/>
        <RegExpr attribute='Keyword' String=' abort if any task fails '/>
        <RegExpr attribute='Keyword' String=' UTC mode '/>
        <RegExpr attribute='Keyword' String=' URL '/>
        <!-- Non-keyword syntax -->
        <RegExpr attribute="Section" String="^ *\[.*\] *$" />
        <RegExpr attribute='Assignment' String='=&gt;'/>
        <RegExpr attribute='Assignment' String='|'/>
        <RegExpr attribute='Assignment' String='&amp;'/>
        <DetectChar attribute="Assignment" char="=" />
        <DetectChar attribute='String' char='"'/>
        <DetectChar attribute='String' char="'"/>
        <DetectChar attribute="Assignment" char="\" />
        <RegExpr attribute='Jinja2' String="\{%.*%\}"/>
        <RegExpr attribute='Jinja2' String="\{\{.*\}\}"/>
        <RegExpr attribute="Comment" String="#.*$" />
        <RegExpr attribute="Environment" String="\$\w+" />
        <RegExpr attribute="Environment" String="\$\{\w+\}" />
        <Detect2Chars attribute="Comment" context="MultiLineJinja2"
        char="{" char1="#" beginRegion="Comment2" />
      </context>
      <context attribute="Comment" lineEndContext="#stay" name="MultiLineJinja2">
        <Detect2Chars attribute="Comment" context="#pop" char="#" char1="}"
        endRegion="Comment2" />
      </context>
    </contexts>

    <itemDatas>
      <itemData name="Normal Text" defStyleNum="dsNormal" />
      <itemData name="Keyword" defStyleNum="dsKeyword" />
      <itemData name="Section" defStyleNum="dsFunction" />
      <itemData name="Comment" defStyleNum="dsComment" />
      <itemData name="Jinja2" defStyleNum="dsDataType" />
      <itemData name="Environment" defStyleNum="dsFloat" />
      <itemData name="Assignment" defStyleNum="dsOthers" />
      <itemData name="String" defStyleNum="dsString" />
    </itemDatas>
  </highlighting>
  
  <general>
    <comments>
      <comment name="multiLine" start="{#" end="#}"/>
      <comment name="singleLine" start="#"/>
    </comments>
  </general>

</language>
