{
    "runs": [
        {
           "name": "1",
           "suite dir": "etc/dev-suites/chains",
           "options": ["tasks_per_chain=5", "chains=1", "batch_system=at"],
           "repeats": 1
        },
        {
           "name": "2",
           "suite dir": "etc/dev-suites/chains",
           "options": ["tasks_per_chain=5", "chains=2", "batch_system=at"],
           "repeats": 1
        },
        {
           "name": "5",
           "suite dir": "etc/dev-suites/chains",
           "options": ["tasks_per_chain=5", "chains=5", "batch_system=at"],
           "repeats": 0
        },
        {
           "name": "10",
           "suite dir": "etc/dev-suites/chains",
           "options": ["tasks_per_chain=5", "chains=10", "batch_system=at"],
           "repeats": 0
        },
        {
           "name": "25",
           "suite dir": "etc/dev-suites/chains",
           "options": ["tasks_per_chain=5", "chains=25", "batch_system=at"],
           "repeats": 0
        },
        {
           "name": "50",
           "suite dir": "etc/dev-suites/chains",
           "options": ["tasks_per_chain=5", "chains=50", "batch_system=at"],
           "repeats": 0
        },
        {
           "name": "75",
           "suite dir": "etc/dev-suites/chains",
           "options": ["tasks_per_chain=5", "chains=75", "batch_system=at"],
           "repeats": 0
        },
        {
           "name": "100",
           "suite dir": "etc/dev-suites/chains",
           "options": ["tasks_per_chain=5", "chains=100", "batch_system=at"],
           "repeats": 0
        },
        {
           "name": "200",
           "suite dir": "etc/dev-suites/chains",
           "options": ["tasks_per_chain=5", "chains=200", "batch_system=at"],
           "repeats": 0
        }
    ],
    "profile modes": ["time"],
    "x-axis": "Chains of parallel tasks (X5 tasks per chain X2 cycles)",
    "analysis": "scale"
}
