{
    "runs": [
        {
           "name": "10",
           "suite dir": "etc/dev-suites/diamond",
           "options": ["cycles=5", "tasks=10", "batch_system=at"],
           "repeats": 2
        },
        {
           "name": "50",
           "suite dir": "etc/dev-suites/diamond",
           "options": ["cycles=5", "tasks=50", "batch_system=at"],
           "repeats": 1
        },
        {
           "name": "100",
           "suite dir": "etc/dev-suites/diamond",
           "options": ["cycles=5", "tasks=100", "batch_system=at"],
           "repeats": 0
        },
        {
           "name": "250",
           "suite dir": "etc/dev-suites/diamond",
           "options": ["cycles=5", "tasks=250", "batch_system=at"],
           "repeats": 0
        },
        {
           "name": "500",
           "suite dir": "etc/dev-suites/diamond",
           "options": ["cycles=5", "tasks=500", "batch_system=at"],
           "repeats": 0
        },
        {
           "name": "750",
           "suite dir": "etc/dev-suites/diamond",
           "options": ["cycles=5", "tasks=750", "batch_system=at"],
           "repeats": 0
        },
        {
           "name": "1000",
           "suite dir": "etc/dev-suites/diamond",
           "options": ["cycles=5", "tasks=1000", "batch_system=at"],
           "repeats": 0
        }
    ],
    "profile modes": ["time"],
    "analysis": "scale"
}
