{
    "runs": [
        {
           "name": "10",
           "suite dir": "etc/dev-suites/chains",
           "options": ["chains=1", "tasks_per_chain=10", "batch_system=at"],
           "repeats": 0
        },
        {
           "name": "50",
           "suite dir": "etc/dev-suites/chains",
           "options": ["chains=1", "tasks_per_chain=50", "batch_system=at"],
           "repeats": 0
        },
        {
           "name": "100",
           "suite dir": "etc/dev-suites/chains",
           "options": ["chains=1", "tasks_per_chain=100", "batch_system=at"],
           "repeats": 0
        },
        {
           "name": "250",
           "suite dir": "etc/dev-suites/chains",
           "options": ["chains=1", "tasks_per_chain=250", "batch_system=at"],
           "repeats": 0
        },
        {
           "name": "500",
           "suite dir": "etc/dev-suites/chains",
           "options": ["chains=1", "tasks_per_chain=500", "batch_system=at"],
           "repeats": 0
        },
        {
           "name": "750",
           "suite dir": "etc/dev-suites/chains",
           "options": ["chains=1", "tasks_per_chain=750", "batch_system=at"],
           "repeats": 0
        },
        {
           "name": "1000",
           "suite dir": "etc/dev-suites/chains",
           "options": ["chains=1", "tasks_per_chain=1000", "batch_system=at"],
           "repeats": 0
        }
    ],
    "profile modes": ["time"],
    "analysis": "scale",
    "x-axis": "Sequential Tasks (X2 cycles)"
}
